{
  "reranker_enabled": false,
  "reranker_model": null,
  "indexing": {
    "num_databases": 18,
    "mean_latency": 0.18084274397956002,
    "std_latency": 0.05329145419790126
  },
  "strategies": {
    "fuzzy": {
      "num_queries": 1234,
      "recall_at_1": {
        "mean": 0.2181253376553214,
        "std": 0.34710754203090505
      },
      "recall_at_3": {
        "mean": 0.44354403025391675,
        "std": 0.42431946838721013
      },
      "recall_at_5": {
        "mean": 0.5892085359265261,
        "std": 0.4085023071842556
      },
      "mrr": {
        "mean": 0.5072402948213321,
        "std": 0.37422315479871204
      },
      "precision_at_1": {
        "mean": 0.3338735818476499,
        "std": 0.4715951793560559
      },
      "precision_at_3": {
        "mean": 0.23500810372771475,
        "std": 0.22706896348660707
      },
      "precision_at_5": {
        "mean": 0.18865478119935172,
        "std": 0.13853004324812188
      },
      "latency": {
        "mean": 0.005693493631322728,
        "std": 0.00545585139214892
      }
    },
    "bm25": {
      "num_queries": 1234,
      "recall_at_1": {
        "mean": 0.5760399783900594,
        "std": 0.3701822084886104
      },
      "recall_at_3": {
        "mean": 0.841437061048082,
        "std": 0.2745296494161942
      },
      "recall_at_5": {
        "mean": 0.9042409508373851,
        "std": 0.22941748735833764
      },
      "mrr": {
        "mean": 0.8873224897738672,
        "std": 0.24775781784141016
      },
      "precision_at_1": {
        "mean": 0.8184764991896273,
        "std": 0.3854513191881944
      },
      "precision_at_3": {
        "mean": 0.44246353322528365,
        "std": 0.20167991520812703
      },
      "precision_at_5": {
        "mean": 0.2940032414910859,
        "std": 0.13656952441008374
      },
      "latency": {
        "mean": 0.005811855124499848,
        "std": 0.005642928717689371
      }
    }
  }
}